183,191,189,187,184,191,189,191,187,177,183,190,184,186,191,186,181,190,193,187,185,186,187,187,184,185,184,179,181,189,191,196,193,193,198,196,190,194,191,184,180,184,183,185,178,177,176,171,164,169,167,164,165,162,161,162,161,157,159,166,170,160,160,164,166,159,152,150,152,157,158,162,164,162,170,180,182,184,177,178,178,177,177,170,178,171,168,186,182,157,179,194,205,218,204,149,104,72,48,38,36,33,31,24,24,18,18,16,15,15,15,16,14,14,15,15,14,14,13,12,15,15,13,12,14,14,14,13
196,193,194,191,197,195,190,188,189,181,176,186,191,187,191,198,181,193,195,198,198,199,183,179,181,184,180,177,181,185,179,179,184,191,194,190,190,194,187,182,185,185,180,182,189,177,164,158,157,161,150,147,150,160,165,159,150,149,158,171,158,154,155,161,167,161,163,151,146,151,154,157,159,157,164,178,178,179,170,172,175,171,169,165,173,168,165,176,186,159,171,190,202,216,215,190,157,109,53,38,36,33,27,24,21,21,18,17,16,14,17,16,18,14,15,15,14,14,15,16,15,16,14,15,13,16,14,13
194,194,188,188,189,194,193,188,181,182,180,179,185,189,193,200,187,197,195,196,198,199,198,191,183,182,185,186,179,184,184,180,184,190,184,179,181,192,185,178,177,183,177,172,172,168,156,153,153,152,145,143,143,148,155,156,149,143,158,150,148,154,151,152,156,161,165,156,150,145,151,156,156,153,157,167,172,180,170,167,173,168,167,167,167,170,161,163,181,176,165,185,197,206,214,205,195,139,57,45,36,46,43,28,25,22,19,17,19,18,16,16,16,15,16,17,17,16,16,15,14,15,15,13,14,15,13,13
186,185,186,184,190,195,189,185,186,183,177,177,175,183,188,190,187,199,202,197,193,187,187,190,191,194,189,183,179,174,174,179,186,189,182,177,192,193,185,179,179,185,174,178,166,160,147,145,146,138,141,138,141,141,141,146,147,145,140,142,136,140,145,139,145,148,151,155,147,143,151,152,150,152,153,161,162,171,174,166,169,164,168,164,161,169,156,157,176,178,166,178,190,195,207,217,213,174,83,50,41,74,64,31,23,21,18,18,17,18,19,15,18,18,17,15,16,16,13,15,15,15,15,14,14,13,15,15
179,185,188,187,193,193,188,193,186,184,185,177,175,175,182,183,189,195,198,197,194,192,187,187,183,186,185,185,185,184,176,176,184,187,185,180,175,172,169,167,173,179,177,174,158,165,157,146,146,141,127,125,138,140,138,136,139,140,132,130,130,129,134,144,148,138,139,146,147,138,144,149,143,153,147,148,161,158,169,162,167,169,168,160,161,168,151,155,169,177,171,180,185,185,197,220,220,206,144,66,51,87,76,32,24,20,22,19,19,19,18,16,17,19,20,17,16,16,17,15,14,14,14,18,15,15,16,15
185,190,188,189,192,187,190,187,180,181,184,180,172,169,177,176,188,195,196,193,190,191,188,191,189,179,181,180,179,183,181,181,181,184,180,167,167,167,161,169,179,174,168,169,153,169,159,154,150,139,135,138,138,134,133,131,127,130,129,123,129,129,125,132,134,132,134,140,142,139,134,141,144,147,140,146,159,155,161,157,162,171,167,163,164,166,151,152,157,167,169,179,180,181,191,214,224,217,193,97,60,118,84,33,25,23,22,18,19,16,17,16,17,16,16,17,16,15,16,16,15,15,15,15,14,14,14,14
183,188,188,191,186,184,187,178,176,175,175,177,173,170,171,173,186,192,194,192,187,186,184,190,180,171,175,163,163,166,173,177,175,176,178,173,174,169,168,169,173,164,174,155,150,156,152,161,149,141,136,137,136,129,125,123,124,122,124,125,125,126,123,123,125,127,129,134,132,134,133,137,142,141,162,164,160,162,154,157,150,158,163,167,154,155,148,151,152,160,168,176,181,182,185,208,221,221,214,139,82,137,91,40,36,32,22,20,22,19,19,19,17,17,17,18,17,16,17,16,15,14,14,14,14,15,15,16
182,188,185,186,178,177,175,176,175,174,172,173,176,172,170,172,186,191,192,192,189,182,178,178,168,164,164,162,175,169,164,173,171,167,173,184,182,173,176,173,168,167,155,144,144,152,157,155,145,144,145,145,134,122,117,119,120,120,120,119,116,122,122,127,121,123,124,122,121,124,130,127,138,150,157,149,135,123,116,135,135,151,147,163,144,154,148,151,147,156,165,174,183,181,185,202,215,224,218,175,141,153,103,56,44,42,29,21,22,20,22,20,18,18,19,19,17,18,17,15,15,15,17,15,14,13,16,15
197,196,194,192,188,183,181,180,178,177,175,174,175,173,170,175,185,192,191,191,188,178,164,164,157,160,164,167,172,165,165,179,181,172,175,186,181,175,172,166,165,156,153,154,141,144,155,151,146,145,145,137,133,129,123,121,114,114,119,117,110,112,118,126,122,116,114,110,119,126,132,143,138,136,109,82,72,78,86,105,122,139,129,142,132,159,150,149,145,155,159,172,178,177,184,196,213,222,225,210,183,159,95,81,56,51,32,22,21,20,21,18,18,19,19,17,17,17,16,16,16,17,16,14,14,16,16,16
197,195,195,193,189,185,182,179,176,175,175,175,176,175,173,174,183,192,190,186,185,183,173,170,170,162,151,157,153,155,154,165,177,174,187,191,176,171,170,167,161,152,166,159,148,151,146,138,137,136,135,131,128,127,126,121,109,109,116,117,112,107,112,119,124,114,114,113,121,123,135,136,100,76,60,72,81,96,99,110,111,115,127,145,123,157,148,151,143,152,157,169,172,171,178,192,210,218,225,228,200,162,99,94,65,55,35,23,21,19,18,18,19,20,19,19,20,19,18,16,16,16,16,16,14,18,17,14
198,192,188,186,187,184,182,178,177,177,179,179,179,178,175,170,177,191,188,186,193,192,183,181,182,174,153,148,156,157,148,162,173,160,171,171,159,161,165,170,161,168,167,155,157,161,135,130,132,126,132,129,123,120,118,119,116,110,112,116,113,108,108,111,125,116,113,113,124,131,127,101,71,70,86,105,117,126,130,142,143,139,127,138,144,151,146,158,149,146,155,164,168,164,174,192,206,211,222,225,217,174,107,98,58,55,36,22,21,21,20,18,20,19,20,20,19,18,19,17,17,18,16,16,17,15,14,15
191,190,185,185,189,186,186,183,181,180,183,185,185,186,181,170,172,181,183,186,195,194,188,181,179,174,159,154,166,165,161,163,163,152,148,140,133,152,152,159,158,163,161,153,158,164,137,131,137,123,130,126,117,114,112,115,122,115,114,116,113,110,108,109,121,123,113,103,117,135,89,79,78,103,107,122,143,148,159,166,172,175,166,138,130,149,151,159,150,145,151,158,167,163,167,191,203,207,219,217,221,194,139,90,56,56,35,20,22,22,19,19,20,19,19,19,18,17,18,18,18,18,16,18,17,16,15,15
191,194,193,194,189,184,184,183,179,180,185,189,190,190,191,187,181,182,184,188,192,193,190,186,181,172,167,165,168,165,163,156,156,153,162,148,128,150,132,153,156,153,153,153,154,149,143,143,136,123,119,118,115,113,109,111,119,121,120,115,107,111,105,107,117,123,116,120,127,104,62,84,97,120,129,149,163,164,169,181,188,193,192,173,132,140,155,139,144,149,152,157,166,170,163,186,197,204,220,218,214,216,152,121,75,59,37,24,26,21,21,20,21,19,20,20,19,19,18,18,18,18,17,18,17,18,16,16
194,194,195,196,191,189,188,185,183,184,185,187,188,189,188,189,189,189,189,189,185,182,177,177,180,180,176,173,164,153,154,156,156,150,151,154,145,161,147,165,159,150,149,146,147,135,139,140,132,129,122,119,119,114,112,110,115,119,117,110,107,103,102,102,113,132,133,126,104,72,80,107,124,129,147,164,171,168,177,188,200,209,212,209,178,135,155,129,141,152,154,159,163,172,166,178,195,200,219,217,211,223,182,135,121,61,38,26,25,21,22,21,20,20,20,19,19,19,18,18,18,17,18,17,17,18,17,17
194,192,191,191,191,192,189,186,186,186,185,184,182,183,186,191,191,189,188,188,184,179,171,165,160,169,175,179,170,159,158,158,160,145,138,148,151,164,154,167,157,151,151,137,145,131,136,126,123,123,120,112,118,117,116,110,109,111,109,106,109,94,102,96,118,120,87,71,68,83,116,120,136,149,157,159,167,173,168,180,202,198,224,232,223,206,175,150,138,152,154,160,163,171,171,176,192,197,215,217,213,225,213,142,169,66,34,26,25,24,24,23,21,19,21,20,19,21,20,18,20,18,17,19,17,19,17,15
198,196,194,193,192,189,188,186,189,187,186,183,181,180,186,191,187,184,186,184,180,180,175,179,172,170,168,173,180,181,180,174,174,159,142,136,138,164,140,155,129,148,150,143,146,131,129,118,115,111,110,110,113,120,119,112,103,105,105,104,102,97,98,103,112,93,81,57,76,108,132,139,145,151,153,159,159,160,171,169,171,194,197,201,206,206,197,172,142,147,154,161,162,168,173,180,187,195,211,216,214,220,217,171,186,97,32,26,26,25,22,22,23,20,21,19,19,20,18,17,18,18,17,18,20,19,18,19
189,187,193,195,191,190,189,187,188,189,190,188,186,183,184,189,187,183,182,185,185,181,178,180,174,173,174,178,184,188,187,185,183,177,155,142,135,146,157,145,129,148,148,150,152,140,127,119,116,105,110,113,114,116,119,116,102,98,101,102,95,96,101,102,101,95,71,76,104,131,135,142,139,144,162,176,167,142,138,165,185,158,150,160,169,178,202,180,148,144,152,160,158,167,167,175,190,193,206,217,217,204,211,198,192,149,39,28,28,23,22,21,23,22,20,19,21,21,19,19,19,20,20,19,20,18,19,18
192,192,198,194,187,185,186,186,185,189,189,190,189,187,184,184,187,181,179,171,170,172,174,177,175,175,173,175,180,186,191,189,182,183,167,152,143,141,147,149,142,154,153,154,148,138,132,123,121,112,111,112,112,114,113,110,108,103,102,106,96,94,108,113,114,77,73,101,128,130,139,138,148,174,163,134,129,165,168,146,121,136,128,136,142,183,206,203,177,159,156,166,160,165,161,179,183,186,203,212,220,202,202,203,190,188,104,28,28,27,26,24,23,21,23,22,22,21,21,20,18,18,21,20,20,19,18,18
193,189,191,192,190,187,183,187,190,187,192,195,196,192,177,177,185,183,177,177,175,167,166,167,170,175,175,167,162,173,184,180,182,188,176,158,150,148,134,141,144,152,156,125,140,138,129,125,122,113,103,111,107,102,101,103,101,99,104,108,97,101,123,116,84,80,100,119,141,151,139,139,155,150,116,141,146,132,143,139,140,141,130,102,151,167,207,221,189,161,155,167,171,169,166,175,178,192,203,211,215,188,189,205,192,202,175,51,30,26,25,23,22,23,22,22,21,20,20,21,20,20,20,19,20,19,19,19
189,191,195,199,199,194,188,187,195,197,192,188,191,192,185,177,173,176,175,178,179,184,180,171,170,172,164,155,152,163,172,166,168,179,184,170,160,151,138,139,136,138,144,113,138,136,127,118,113,117,108,106,107,104,97,94,96,96,98,98,92,102,115,84,76,86,115,128,152,123,105,138,125,95,115,126,135,121,97,106,83,100,142,150,108,105,127,156,161,152,176,192,175,161,163,179,186,201,206,214,204,190,212,219,198,181,191,114,27,25,26,25,24,21,23,21,22,22,21,21,20,19,18,20,21,21,19,18
189,189,191,185,195,199,194,189,188,191,192,192,187,192,190,188,188,184,183,178,187,182,186,188,175,163,147,154,147,151,173,167,167,174,177,176,165,152,135,130,129,143,124,113,137,128,127,118,111,112,109,103,105,106,99,91,88,92,95,86,96,98,79,71,92,104,122,100,79,102,126,97,93,111,134,129,83,64,70,63,94,88,66,69,82,90,108,134,146,187,196,193,182,177,182,184,194,206,200,210,204,218,222,218,194,176,204,161,47,30,25,24,23,23,23,23,22,22,22,22,21,19,19,20,17,19,19,17
191,191,193,196,185,185,195,196,190,186,182,187,188,191,190,190,191,194,191,195,194,186,184,184,184,164,146,143,151,160,170,163,162,159,174,174,160,145,147,137,113,116,111,120,130,121,125,121,105,105,102,98,99,96,93,95,95,93,91,83,98,77,69,79,112,124,74,85,111,105,93,104,97,93,82,74,91,111,132,143,142,119,103,114,142,157,170,171,197,219,214,192,186,188,192,192,203,209,207,220,225,210,224,220,183,179,198,201,100,60,27,25,24,22,23,21,22,21,19,21,21,22,19,19,19,20,21,21
190,194,195,194,190,184,180,191,198,195,190,185,185,187,190,189,190,192,193,193,195,194,186,175,178,181,168,159,163,165,164,159,152,156,164,167,163,144,150,134,127,106,106,116,117,126,124,128,110,108,98,96,89,91,96,99,102,100,92,83,85,63,79,109,116,72,89,107,108,128,126,135,146,154,152,130,139,160,164,166,172,193,189,172,133,102,128,156,198,223,214,199,194,200,205,203,209,205,215,224,212,209,224,218,170,191,178,202,153,87,37,28,27,23,22,24,22,21,22,23,21,21,19,19,21,21,19,19
188,193,186,192,198,200,200,195,191,190,189,187,187,187,189,196,195,193,186,180,194,197,197,178,172,177,165,165,156,158,162,155,152,155,160,174,156,146,137,132,122,113,103,108,118,124,122,132,118,108,96,92,96,106,103,95,93,89,86,85,77,77,113,91,55,67,111,145,165,166,182,192,203,209,215,209,213,234,240,231,221,202,200,208,205,151,159,200,232,241,233,202,203,206,210,202,201,210,219,217,202,216,225,190,164,182,171,199,185,85,75,24,23,24,24,25,23,20,21,21,21,20,20,21,20,21,20,18
187,186,192,201,194,193,194,194,191,189,188,188,189,192,183,185,193,199,186,190,201,199,204,199,184,181,181,154,152,166,164,157,152,158,161,164,159,155,144,130,119,115,116,108,109,115,129,142,122,101,90,87,87,87,91,89,85,82,86,71,93,100,77,73,120,149,163,156,171,188,202,206,226,229,211,204,198,185,196,198,212,197,142,145,158,174,210,235,238,242,235,208,201,209,206,204,202,213,211,213,218,215,223,184,162,172,173,189,186,114,108,25,24,24,26,25,24,23,22,23,21,20,21,22,20,22,21,21
186,182,184,187,191,191,186,188,185,181,186,186,182,188,187,182,191,200,199,187,193,196,199,203,195,192,184,172,157,158,160,147,152,160,158,154,161,165,147,134,124,117,110,111,97,114,151,140,117,97,85,85,81,83,84,87,82,81,87,90,90,75,114,143,155,153,169,193,203,222,225,229,203,170,156,172,179,165,139,126,129,126,144,148,179,233,219,196,203,227,223,207,207,203,206,206,211,214,216,222,216,215,216,189,177,171,183,176,182,158,122,38,26,27,25,25,24,24,24,23,22,23,23,22,18,21,19,19
177,178,179,185,182,183,187,187,185,183,179,182,183,181,180,176,182,191,196,195,193,194,195,195,188,190,193,184,163,166,165,146,153,165,157,150,156,148,126,134,128,120,106,106,98,120,138,124,110,97,86,83,80,78,84,91,86,86,109,99,113,139,151,144,163,184,190,212,212,189,202,174,152,135,131,120,103,97,97,96,100,124,160,162,200,186,174,184,215,229,232,229,206,200,201,209,216,216,217,222,219,215,183,156,163,157,176,168,181,174,145,61,27,27,26,27,26,24,25,25,24,22,22,21,18,18,18,22
171,171,175,182,176,174,181,188,187,187,182,179,178,174,172,172,180,185,192,194,191,192,189,184,181,176,192,186,174,166,164,149,160,164,160,149,155,130,122,129,127,122,110,103,97,95,124,118,104,100,95,90,94,96,97,90,87,104,107,136,148,128,131,145,179,215,201,170,165,168,138,113,102,94,92,91,99,115,128,135,121,122,140,159,175,199,235,247,236,241,238,222,191,193,199,206,209,207,199,197,186,182,163,139,161,155,164,173,177,179,165,88,35,28,27,27,26,27,26,24,24,23,23,22,22,21,20,19
184,175,170,174,175,173,175,181,180,179,169,159,154,156,164,173,180,186,191,191,188,185,189,183,185,173,184,182,178,169,165,158,166,169,164,154,158,129,123,122,126,119,113,106,95,104,123,115,93,96,89,87,88,89,80,71,93,117,131,139,129,143,159,174,209,201,174,147,115,87,80,92,118,144,160,171,181,196,213,235,248,220,180,167,202,226,237,245,244,242,228,198,175,182,195,189,192,196,192,174,158,153,154,130,150,153,156,177,177,182,172,97,46,47,26,26,26,27,26,24,24,24,24,21,21,20,20,21
181,185,177,168,167,168,170,167,162,153,138,143,161,179,188,186,180,182,187,190,190,186,181,174,191,193,186,184,180,174,163,164,173,171,167,158,156,131,126,125,118,116,119,110,100,100,121,93,92,86,82,81,75,66,65,84,117,130,134,128,138,161,184,191,195,191,149,105,100,112,132,158,178,188,193,196,198,200,204,212,222,236,247,240,200,187,210,230,239,231,208,182,178,189,185,184,190,195,213,189,164,161,143,133,143,150,147,171,180,174,161,112,66,88,25,27,27,27,27,26,27,24,23,22,22,20,20,21
178,182,186,177,168,168,153,130,119,127,146,159,175,188,193,189,180,177,178,184,190,188,182,173,189,193,186,184,181,175,167,166,170,172,167,162,150,129,124,124,110,118,125,104,101,89,107,94,92,80,72,68,68,75,90,115,122,127,132,139,144,169,174,193,184,134,96,116,142,162,169,171,171,174,173,174,178,185,191,195,202,212,224,235,238,221,166,178,218,212,206,187,187,193,179,167,148,137,163,173,169,173,153,155,154,144,141,160,178,170,153,119,88,116,36,26,27,28,28,28,27,24,25,25,21,23,20,21
178,183,190,183,147,111,81,85,114,144,157,166,182,192,190,188,180,169,173,175,185,188,193,183,188,189,184,181,181,172,168,166,163,164,166,163,154,131,122,113,105,122,124,102,97,85,90,93,86,79,74,75,85,104,118,129,127,132,146,144,164,172,177,140,101,102,132,165,164,151,141,138,138,139,139,137,142,151,165,172,180,191,206,217,225,225,187,128,183,203,199,188,179,172,152,115,104,121,157,157,153,149,160,183,181,158,137,154,172,175,149,126,116,125,71,27,28,30,30,29,27,25,24,25,23,24,22,22
185,182,154,106,64,58,80,116,156,165,162,166,177,181,174,173,181,175,171,173,179,186,191,187,188,183,176,176,174,166,166,164,157,157,164,162,151,137,125,101,99,118,119,102,94,84,77,78,81,82,82,89,105,120,120,124,138,133,142,151,178,159,115,83,96,136,158,153,143,136,133,135,136,141,144,141,140,140,147,149,165,164,180,193,207,215,194,122,181,204,187,165,142,147,113,102,153,172,188,199,207,189,136,193,190,193,145,149,168,177,146,129,126,136,111,41,30,31,30,31,29,27,25,25,26,24,23,23
155,98,61,63,103,127,141,160,164,164,167,168,172,174,174,162,166,171,175,180,179,184,186,186,184,172,168,170,169,158,157,157,152,149,159,156,142,140,126,104,104,113,119,104,87,79,71,80,82,82,82,100,117,121,116,115,116,135,149,167,130,98,87,102,129,149,153,153,156,161,163,171,180,187,191,190,189,184,175,169,172,170,169,177,178,196,187,133,163,171,161,156,143,129,97,121,138,130,144,171,180,166,167,190,159,185,204,149,167,164,149,115,122,154,131,60,28,30,29,31,31,27,25,26,26,26,25,23
58,67,112,153,175,152,146,176,175,171,168,162,164,172,178,177,171,158,163,179,185,187,179,184,177,167,167,172,168,154,143,145,145,149,150,143,137,136,124,112,115,122,120,107,86,84,80,80,82,76,91,112,124,121,108,105,130,165,157,117,78,82,108,134,150,168,180,192,195,200,205,210,216,222,225,226,227,229,224,219,214,211,192,174,180,176,172,118,151,174,175,163,137,106,98,103,110,165,197,209,215,210,183,163,179,145,197,202,153,153,148,106,126,162,130,72,28,29,30,32,30,27,26,27,26,27,26,25
109,150,178,186,163,140,157,182,182,180,170,158,159,168,178,183,185,170,162,175,182,184,178,179,173,171,176,168,162,152,136,142,140,147,144,143,136,136,129,124,120,122,108,102,86,77,78,74,66,82,102,114,114,103,106,140,172,146,95,75,90,122,141,158,178,198,212,220,221,225,230,231,233,237,238,234,232,232,227,224,233,233,233,207,176,171,156,120,161,166,172,158,113,99,105,97,145,189,203,210,217,223,233,196,169,149,132,226,171,153,123,106,148,152,120,75,31,32,32,29,29,30,26,26,27,25,25,25
165,169,170,166,140,133,164,171,176,182,185,172,150,152,168,179,185,184,172,171,171,178,178,170,178,177,172,154,159,153,141,146,136,136,135,143,131,128,133,125,110,124,106,98,85,71,76,58,78,87,98,104,102,111,150,163,126,75,68,101,137,160,172,188,206,219,227,232,232,233,235,234,234,235,234,229,230,232,230,230,233,235,237,223,199,163,145,175,210,156,158,156,98,83,107,118,150,153,156,157,155,167,204,225,196,134,125,151,199,170,98,116,177,158,120,90,39,30,28,27,27,26,24,24,24,26,24,21
164,165,160,153,135,150,165,162,170,176,184,189,181,158,153,170,179,182,181,182,175,179,179,176,179,173,169,159,159,156,145,132,135,130,127,136,127,122,123,112,108,132,98,91,86,81,56,63,84,99,105,102,109,159,160,107,64,69,110,146,171,188,200,213,220,225,228,232,232,233,234,235,233,231,229,223,220,222,223,226,231,239,244,233,219,182,138,211,224,164,137,167,104,81,113,126,132,139,103,70,88,123,143,166,222,141,137,129,158,146,110,124,187,168,136,109,50,36,27,27,26,25,25,25,26,24,25,24
113,118,139,149,159,162,152,157,181,179,179,183,189,184,168,162,165,177,183,188,190,189,189,187,181,179,171,156,157,155,139,127,138,121,126,134,126,126,116,104,104,123,82,84,92,65,49,72,93,101,99,96,135,138,109,76,80,114,149,176,195,209,215,221,223,224,227,229,228,226,222,220,218,217,216,214,210,210,215,219,223,228,234,231,231,187,137,203,224,186,143,136,106,85,115,132,138,107,54,36,36,89,120,148,159,113,148,148,117,95,133,164,182,174,149,121,68,52,32,28,26,27,26,24,27,26,25,25
63,64,80,106,152,170,165,153,167,185,181,174,170,171,172,168,165,170,178,191,192,194,192,191,184,183,175,155,160,157,144,142,135,118,131,137,125,126,105,103,118,105,78,87,70,48,59,87,99,91,97,140,134,105,81,83,107,137,166,208,215,217,220,222,224,224,219,213,210,207,205,202,197,193,193,195,194,198,202,208,212,212,208,209,215,187,135,202,220,213,187,134,100,59,99,128,128,92,48,35,29,71,113,148,148,96,133,152,84,129,169,161,175,170,150,126,93,96,54,26,27,27,25,23,24,25,23,23
61,62,73,107,158,160,172,172,165,167,173,167,154,157,170,175,177,176,180,185,190,187,192,187,189,181,168,151,151,160,156,152,140,125,132,135,130,129,96,115,102,89,99,87,49,51,80,100,90,90,134,126,109,85,80,113,153,191,211,224,221,220,219,219,216,209,207,201,198,194,190,186,182,175,168,165,168,175,180,186,194,205,211,193,186,184,137,208,217,226,228,179,111,80,103,127,129,109,74,40,41,95,130,161,146,91,125,141,83,135,203,161,176,165,151,138,118,124,67,26,24,25,25,24,23,24,22,20
60,68,111,155,168,166,156,163,165,168,173,172,165,161,164,173,181,181,185,185,183,188,182,186,183,176,158,149,148,158,163,155,132,126,128,128,113,104,103,104,105,101,87,71,43,70,81,78,85,134,123,98,80,77,118,158,192,209,221,221,216,212,211,213,208,203,198,189,183,178,175,174,171,167,164,165,168,170,171,169,171,172,176,182,177,159,135,211,208,231,235,225,153,80,89,123,141,118,109,108,113,125,159,165,124,103,125,134,69,195,205,171,182,169,154,148,129,109,66,34,25,27,25,24,23,22,22,23
46,96,171,174,167,169,168,149,139,151,169,173,170,167,163,166,176,179,180,187,183,180,176,177,176,165,158,152,140,147,161,153,139,135,125,118,116,111,80,95,99,86,82,39,55,70,70,72,129,132,99,75,75,119,161,190,209,220,228,214,211,210,210,211,206,203,193,183,172,163,155,152,153,156,161,166,172,176,176,175,169,162,158,155,166,149,134,210,192,229,230,233,208,116,83,91,124,145,140,142,147,155,160,136,95,125,149,80,106,201,183,179,187,173,142,138,120,100,108,72,26,24,23,23,22,21,19,21
83,164,176,177,172,167,166,173,158,143,153,170,172,174,167,167,172,173,178,183,179,174,173,175,157,151,155,141,138,140,150,144,145,136,124,116,104,99,91,88,104,102,46,46,62,62,69,110,119,104,75,77,121,163,194,214,217,216,216,210,206,206,206,206,206,203,195,185,178,170,160,159,155,152,153,154,155,156,152,150,153,156,156,152,145,147,146,212,174,208,221,228,224,161,88,103,81,91,127,141,142,131,116,92,107,163,96,62,155,169,180,186,182,174,143,128,111,94,121,88,30,25,28,24,24,21,23,21
139,135,129,120,122,124,126,135,136,130,141,160,166,165,166,170,171,165,175,173,176,175,179,181,157,153,151,137,140,142,134,138,146,138,134,115,100,75,86,99,116,74,32,52,51,66,103,105,101,83,81,123,166,201,220,221,219,217,212,208,202,197,199,202,206,211,215,211,208,205,192,174,163,161,163,164,164,154,145,137,133,139,139,148,137,140,159,207,181,184,201,221,226,223,153,97,140,134,85,66,74,82,93,119,141,107,65,76,148,155,203,193,172,160,135,126,108,92,122,86,34,26,27,25,24,23,21,22
91,93,96,96,97,95,94,92,93,97,123,153,158,150,151,164,163,159,166,161,167,174,184,180,166,151,147,140,140,128,129,136,135,135,137,121,105,81,87,109,89,45,43,42,56,87,102,105,85,76,126,167,197,218,222,219,214,208,207,202,196,195,195,196,201,209,216,227,228,227,218,212,209,198,191,182,178,171,157,142,128,126,128,139,142,134,182,197,225,194,179,199,221,231,218,131,89,126,147,148,134,141,142,133,95,64,44,111,136,181,190,184,171,153,133,125,106,83,124,115,47,27,26,25,25,20,24,20
97,94,96,98,94,92,92,96,102,109,118,145,162,153,150,161,148,148,160,153,160,169,183,171,159,152,141,137,138,117,122,131,133,132,127,123,92,74,86,90,40,42,40,52,67,95,105,93,69,122,165,192,212,217,215,202,197,197,195,194,193,197,204,213,220,228,232,239,243,246,248,249,246,237,235,230,214,210,202,187,162,130,115,122,135,126,210,178,220,214,188,177,207,223,234,206,122,88,88,115,135,128,94,66,54,43,79,133,158,175,212,182,170,152,130,131,116,99,128,141,61,24,27,27,25,24,22,23
97,97,86,82,88,92,100,105,111,120,127,143,158,165,158,157,148,150,148,146,153,163,178,165,157,153,142,138,129,131,116,129,135,131,125,122,85,78,80,82,48,37,50,52,77,92,74,68,113,153,181,205,220,214,198,192,194,193,195,197,202,209,217,223,225,227,230,231,236,240,243,245,249,252,250,250,252,252,252,247,248,218,153,122,125,136,213,183,211,217,202,169,179,202,218,230,208,127,87,107,101,70,63,57,55,82,143,155,164,190,202,157,168,157,143,149,145,128,137,166,79,28,28,28,26,24,23,24
73,74,80,82,89,93,102,111,117,123,138,143,140,150,166,163,151,161,148,147,142,167,156,155,156,148,141,133,132,127,119,130,134,129,122,118,84,82,92,79,45,36,52,60,78,71,69,100,143,166,192,213,215,203,189,189,199,203,204,209,216,222,225,225,225,225,226,226,228,232,235,237,240,243,242,244,244,245,248,251,253,254,239,145,130,156,193,199,215,235,238,199,168,176,198,218,235,203,114,60,50,58,56,70,105,141,157,154,171,178,195,151,164,151,151,157,154,140,131,158,102,38,29,29,28,27,25,24
65,73,76,82,89,92,97,104,107,124,145,143,144,152,162,162,156,156,142,148,141,167,137,145,147,147,141,142,127,123,130,137,131,129,120,114,90,90,101,55,34,36,56,66,72,72,90,125,150,176,199,197,188,180,177,186,203,216,221,222,223,224,225,225,225,222,221,217,216,218,221,225,232,237,239,241,239,234,235,239,245,244,238,177,130,184,173,214,221,226,235,227,188,160,178,202,220,233,201,111,68,65,83,100,118,120,127,142,165,182,178,148,159,146,152,158,159,143,139,152,120,49,31,32,30,26,24,25
60,61,68,77,78,80,81,83,111,143,149,152,158,162,162,158,159,146,137,140,153,141,119,135,142,141,142,143,133,127,135,141,127,131,127,98,102,96,76,38,36,41,59,64,74,86,110,129,157,180,175,163,166,179,191,207,220,224,223,224,223,222,223,219,215,208,208,206,202,202,206,208,213,219,223,227,230,233,234,234,232,224,228,200,126,207,185,216,221,230,232,241,218,166,155,179,205,221,224,196,136,105,105,105,107,110,116,119,124,140,162,149,154,140,136,144,154,138,137,158,163,75,37,35,34,28,24,26
48,52,61,63,68,67,74,109,146,152,154,159,160,166,163,162,164,149,141,140,158,125,117,121,126,125,139,141,137,125,134,139,126,117,132,92,98,88,41,32,37,46,59,65,80,98,112,131,149,147,137,165,191,212,221,224,226,225,222,221,220,218,216,212,208,203,203,199,196,194,192,190,192,195,198,203,207,211,215,214,213,202,197,186,137,193,205,214,213,220,231,239,238,202,157,147,172,201,214,223,212,175,165,143,125,114,111,116,125,133,144,140,145,137,128,141,142,136,147,152,179,96,39,35,35,33,24,30
42,49,57,56,61,66,85,130,137,130,140,143,140,149,154,160,169,164,157,151,149,136,119,111,111,114,121,129,132,126,133,137,123,113,137,95,104,65,31,35,36,40,47,72,82,100,107,115,114,130,168,206,222,226,226,226,224,219,217,216,216,215,214,212,207,201,198,194,194,191,186,180,176,175,176,180,183,186,190,188,184,180,174,157,142,170,201,197,198,203,214,232,243,230,191,140,126,161,195,219,236,216,192,193,183,165,140,120,128,126,129,130,131,129,132,137,128,130,127,144,150,86,42,36,35,31,25,29
42,43,47,53,54,59,72,86,86,89,99,103,103,107,113,121,134,142,148,152,139,136,127,125,117,112,99,108,123,128,135,129,123,116,141,93,98,70,30,33,35,39,57,76,86,95,88,100,129,176,211,222,226,228,227,225,221,221,220,220,216,213,215,212,207,200,192,189,188,191,191,184,174,167,168,171,172,170,170,168,166,162,158,147,147,180,184,181,185,187,195,209,230,237,219,178,123,113,152,195,224,230,201,199,198,200,150,118,123,121,127,133,135,131,134,133,126,124,119,137,129,95,54,36,33,31,27,28
47,43,44,53,55,55,61,65,67,73,80,88,91,89,92,94,99,105,112,118,119,115,122,128,119,112,101,97,119,130,134,122,122,120,139,90,84,68,34,30,37,40,74,81,88,86,92,133,179,210,224,230,231,229,225,226,226,224,223,222,219,216,213,210,205,200,190,186,184,189,198,201,196,185,175,170,168,167,160,156,154,148,144,134,178,203,173,173,176,179,185,191,204,224,237,221,171,120,117,159,198,224,220,190,154,136,120,112,109,109,119,127,139,134,127,125,126,126,122,117,123,102,61,39,34,30,28,28
51,45,45,54,54,56,57,60,64,66,73,82,88,91,95,93,94,95,99,101,106,103,106,103,97,104,105,102,122,137,133,120,122,129,132,85,73,63,34,30,32,52,81,78,80,92,132,180,209,222,228,230,229,228,226,225,221,223,220,217,216,216,212,208,202,194,182,175,169,171,178,187,197,204,200,187,173,165,155,148,141,140,131,133,191,217,176,174,173,177,181,183,192,207,229,243,222,170,116,123,168,203,218,183,145,125,114,108,105,102,106,110,123,126,126,127,125,120,126,125,122,107,58,40,34,32,28,28
51,41,40,45,48,52,52,52,55,61,66,72,78,83,86,85,85,91,95,98,98,104,107,107,99,92,93,95,117,130,124,128,124,136,122,76,64,60,33,29,34,69,88,79,90,119,170,207,226,230,231,229,225,222,221,218,214,215,215,212,210,212,212,215,212,201,179,174,169,165,165,166,171,181,190,194,190,180,156,142,130,142,139,158,214,216,189,169,177,176,176,181,188,199,211,232,245,222,157,106,135,180,202,178,126,124,106,98,105,104,99,100,109,122,125,122,124,126,127,133,136,125,82,43,35,34,29,29
41,30,31,34,42,46,50,49,49,52,53,54,57,60,61,60,58,61,63,65,67,73,83,92,93,96,95,97,97,102,111,119,126,131,111,69,58,60,31,29,47,85,84,94,115,156,194,217,229,233,236,232,228,225,220,214,214,217,218,214,209,210,213,220,221,210,189,181,173,170,167,163,155,152,158,166,174,175,173,152,132,136,138,191,233,232,211,169,171,173,175,182,188,194,202,210,231,244,204,129,110,157,188,171,118,115,85,87,82,90,94,96,95,104,113,115,112,116,117,123,138,143,126,54,35,33,30,28
25,20,22,23,28,33,38,42,42,40,42,40,39,44,45,42,45,44,42,47,48,52,58,61,65,68,69,81,88,91,92,104,111,116,114,75,51,58,28,29,69,92,93,113,145,178,203,222,230,234,231,229,228,226,219,213,206,199,205,215,220,223,230,236,242,239,223,199,174,152,152,161,158,149,145,146,150,153,157,156,142,141,143,208,233,235,232,191,170,170,175,182,189,194,202,207,215,235,235,167,110,129,174,167,122,99,79,75,75,70,77,85,87,88,92,99,104,102,98,105,121,140,143,84,40,32,30,27
18,20,19,19,22,22,27,38,44,44,42,46,48,48,46,43,43,45,45,44,46,50,54,57,57,55,51,55,63,77,87,88,99,112,101,79,40,45,29,40,90,92,109,134,162,190,214,230,236,237,234,220,206,200,202,195,181,204,217,227,234,233,231,232,236,241,242,243,240,226,194,166,156,156,149,146,147,148,143,140,138,140,175,223,237,246,243,218,177,159,172,177,190,201,200,205,212,219,237,210,143,124,159,164,123,99,68,79,63,69,63,70,74,86,90,90,97,100,101,100,103,105,95,80,41,32,28,29
18,19,17,17,19,21,22,29,37,44,47,52,49,44,45,44,43,48,48,49,48,50,51,57,58,53,47,49,48,56,72,80,84,101,110,88,34,29,24,65,102,102,120,142,177,208,231,237,231,223,205,200,200,203,188,170,212,209,199,182,202,210,204,206,214,223,228,233,238,242,244,241,228,200,170,150,147,144,146,139,159,148,223,227,229,240,249,240,201,162,161,174,176,192,198,199,204,209,221,213,171,129,150,160,121,75,62,73,65,67,65,65,70,84,90,90,93,95,104,100,97,97,90,82,46,32,28,29
19,19,19,19,20,24,23,24,30,38,45,43,43,36,35,37,41,41,42,47,46,50,53,54,58,54,49,48,44,44,55,73,84,94,108,88,36,21,41,90,100,110,130,159,198,229,222,177,162,150,167,181,186,188,214,225,210,223,239,231,195,189,180,170,171,185,207,221,225,226,228,233,237,243,243,220,178,152,144,145,139,188,232,231,224,229,244,246,230,175,151,160,170,176,189,196,201,204,206,211,186,136,144,155,122,59,74,60,69,57,66,57,69,75,90,88,78,79,85,86,87,90,94,86,53,35,29,28
18,15,17,18,18,23,22,22,26,32,40,37,33,35,37,39,38,39,35,40,41,45,47,48,50,49,46,45,42,41,46,67,82,92,112,89,38,21,65,109,102,120,149,176,212,192,180,204,207,222,233,240,245,248,251,248,239,217,228,244,241,236,229,216,189,160,157,178,200,209,214,211,216,224,231,241,243,216,173,173,140,201,229,225,221,218,228,244,242,207,170,147,152,159,171,185,193,190,190,206,187,150,139,153,123,52,81,58,70,50,64,60,55,67,79,85,67,64,81,78,74,78,89,84,72,39,31,31
18,19,18,20,20,20,20,19,22,33,45,42,33,35,34,34,34,34,33,35,38,40,40,45,48,48,46,45,42,41,43,61,79,98,116,86,49,42,82,103,107,134,155,171,151,147,184,236,249,246,251,251,252,254,253,251,250,239,226,243,247,244,241,237,228,210,178,148,151,160,182,200,210,207,209,217,221,227,211,167,168,227,230,217,212,212,219,235,247,235,177,166,143,144,153,168,182,182,180,193,187,167,132,145,119,54,69,65,65,64,52,64,49,58,67,78,73,64,70,72,69,62,73,86,68,42,31,28
22,19,19,19,17,19,18,20,25,30,46,49,34,34,35,34,38,39,41,44,43,46,50,50,53,51,52,52,47,44,43,54,65,69,69,67,65,68,75,79,85,98,111,119,145,192,205,224,220,223,232,236,241,246,251,252,249,248,245,246,247,245,242,237,231,227,221,202,176,149,141,148,162,185,202,204,199,193,196,164,174,220,229,222,206,201,204,218,229,248,219,180,152,136,140,154,168,177,177,179,181,175,131,137,110,57,66,70,55,78,52,62,47,51,62,72,83,77,67,69,67,64,61,72,75,53,32,32
21,22,18,17,18,19,22,27,28,30,42,50,38,34,41,41,44,46,46,47,44,41,45,44,43,41,43,47,46,44,47,55,64,64,62,66,68,67,73,82,86,86,91,93,97,109,129,159,188,223,241,249,249,248,250,250,250,248,250,250,249,245,239,233,225,227,230,226,218,188,170,147,136,147,161,178,187,184,187,144,160,202,216,212,203,187,189,198,224,242,247,205,155,138,134,143,153,164,171,177,183,171,143,130,108,56,64,74,49,79,54,57,52,61,77,84,91,90,71,62,63,67,68,72,70,62,33,28
18,21,24,18,20,21,24,27,27,29,37,52,42,33,33,35,39,36,38,37,37,37,37,36,44,44,45,44,45,46,52,58,56,56,61,66,66,69,71,79,85,87,89,93,94,94,96,93,92,107,145,195,231,244,250,250,250,243,248,250,249,242,237,231,231,232,235,232,230,219,197,180,165,151,138,136,149,161,170,124,159,190,205,205,193,180,174,181,197,216,240,243,194,148,137,136,143,153,165,174,189,173,147,122,99,61,71,66,54,73,58,61,59,73,100,130,143,134,103,72,67,59,58,54,76,51,36,28
15,18,23,25,21,21,23,22,26,27,30,49,44,31,32,34,33,36,36,35,33,31,37,38,40,42,43,41,43,47,54,60,54,52,58,63,63,68,71,73,77,82,81,81,85,86,88,90,90,88,87,95,123,177,223,244,250,240,245,251,249,245,240,237,237,238,236,233,234,231,218,198,190,184,160,126,121,127,105,143,202,196,192,192,187,170,166,170,178,195,215,241,219,151,133,120,128,145,159,172,185,175,148,117,93,56,75,64,53,70,60,62,79,111,143,174,201,195,156,103,72,56,53,52,54,43,31,29
17,17,18,23,22,23,23,22,24,25,26,42,43,31,31,33,32,37,36,32,32,34,35,36,37,40,41,43,43,48,58,55,50,52,53,55,59,61,62,66,68,70,71,76,77,77,80,81,82,82,82,86,85,88,115,178,234,234,242,248,249,246,241,240,239,235,236,234,232,230,225,217,203,188,173,152,129,103,125,205,222,204,182,182,175,167,164,165,171,180,193,215,236,194,125,120,135,142,155,169,178,173,143,114,87,55,77,64,59,71,67,77,90,124,162,192,211,219,203,144,89,60,52,51,46,46,33,31
17,18,19,22,20,21,23,23,22,23,22,36,43,32,29,31,33,35,35,34,35,36,37,35,38,35,38,40,46,51,48,42,43,45,48,51,54,57,59,59,60,62,67,69,72,73,74,75,78,79,78,80,80,81,79,86,158,224,244,248,248,245,240,237,235,235,236,235,232,230,226,220,211,192,175,160,136,149,219,237,230,204,180,183,172,164,159,162,167,177,185,190,213,222,160,134,142,144,151,164,175,167,139,108,81,63,69,66,62,75,80,93,110,148,180,206,217,220,216,185,125,80,55,49,42,39,32,32
18,18,18,22,19,21,21,22,21,20,21,36,44,35,32,32,32,36,33,32,34,35,37,34,38,39,40,43,50,49,35,36,40,41,44,46,48,50,52,53,56,58,59,64,66,69,74,72,75,79,79,80,79,81,83,83,119,208,243,247,246,244,239,235,236,236,235,234,233,232,228,225,218,200,183,176,152,204,237,234,214,181,173,179,172,164,156,159,161,165,173,180,195,218,200,160,155,151,152,160,176,161,135,112,79,65,70,68,71,81,110,120,136,164,184,202,210,221,209,196,160,107,59,49,41,35,35,32
18,19,22,24,20,20,19,20,19,20,21,34,39,34,31,32,33,34,31,32,31,32,33,32,33,37,41,44,44,36,30,30,32,36,38,42,46,49,56,59,63,62,66,69,70,70,74,73,73,77,77,80,82,82,85,94,128,164,219,244,245,245,242,241,240,238,236,235,235,233,231,230,220,204,197,179,196,235,241,221,179,174,179,189,184,171,168,160,155,155,166,177,184,198,201,166,162,161,157,157,167,158,136,116,74,62,74,72,85,96,135,147,162,172,182,193,197,213,208,182,170,136,68,52,42,36,35,33
16,18,21,25,17,19,18,18,19,21,21,33,35,31,32,33,32,32,28,29,30,31,30,30,35,40,44,37,29,30,29,27,33,44,51,55,59,64,67,69,71,69,71,70,67,68,69,67,71,73,71,74,81,78,75,79,81,95,177,237,245,245,244,244,243,243,241,238,238,236,235,234,222,196,177,184,229,244,233,200,190,197,188,176,187,188,182,169,160,154,156,167,176,189,192,181,174,166,163,161,162,151,135,106,79,70,76,77,80,116,155,169,178,177,190,204,209,219,216,175,153,149,96,55,42,36,37,35
16,20,20,23,18,17,17,18,19,20,23,33,31,28,31,33,34,35,32,32,30,33,28,31,33,36,40,29,25,30,36,41,47,56,60,62,62,57,55,53,53,55,57,57,56,61,64,65,68,68,68,73,97,124,121,102,81,78,149,228,243,245,244,244,244,244,242,240,238,235,234,233,228,188,153,206,243,241,219,208,215,205,192,175,189,200,197,188,174,162,154,159,168,176,180,182,172,169,171,166,158,146,131,87,87,79,78,69,92,133,168,178,183,184,193,208,212,220,233,214,153,135,129,63,43,40,39,36
16,17,21,20,16,16,15,16,17,19,24,31,27,24,27,30,32,34,32,30,30,29,29,30,27,29,35,32,27,32,37,41,41,39,40,41,41,41,46,50,52,55,58,60,60,63,68,69,70,70,72,76,95,136,166,175,167,145,171,231,244,245,244,245,244,243,241,239,235,233,234,232,223,190,197,240,242,242,228,225,229,226,210,190,185,217,206,206,187,167,161,157,157,167,177,185,174,169,176,168,155,146,125,77,85,79,78,76,109,156,177,179,185,189,194,206,213,220,231,230,197,139,140,84,47,40,40,36
16,16,20,18,14,16,14,15,16,18,26,28,23,22,23,27,28,31,28,27,30,28,26,26,22,26,31,34,25,25,25,25,26,31,34,39,42,42,48,51,54,56,58,58,59,62,65,70,71,71,75,77,75,81,103,139,179,208,225,243,245,243,243,241,241,241,240,239,236,234,234,227,209,207,239,246,242,236,233,235,237,236,222,191,153,208,226,214,207,191,171,158,155,161,176,191,181,168,169,168,154,147,117,87,86,75,76,85,131,173,181,183,187,190,190,198,212,214,225,231,215,170,134,115,53,41,40,37
16,16,19,17,16,15,15,16,16,21,27,23,23,24,24,24,27,28,30,30,28,24,23,24,24,23,29,30,21,22,22,24,26,28,33,38,41,41,46,48,50,53,57,56,57,60,63,69,71,74,75,80,80,80,81,82,97,159,231,247,245,243,242,240,238,236,236,237,232,233,231,219,211,237,248,244,241,232,231,237,243,242,232,205,162,163,219,226,215,210,182,163,160,161,173,194,191,165,158,160,154,145,109,99,105,85,76,103,157,176,184,186,190,190,189,195,205,206,213,215,197,174,141,124,54,42,41,38
16,16,21,15,15,14,16,18,19,28,28,22,24,23,25,26,29,32,29,24,22,21,21,24,25,26,32,36,22,20,23,25,26,29,32,38,40,41,45,46,48,51,53,55,57,61,62,66,68,75,74,76,79,81,90,110,129,180,234,245,244,242,242,239,237,236,232,231,228,228,224,221,238,246,241,242,239,236,232,234,244,244,241,226,192,157,175,216,222,210,199,178,174,171,173,193,193,163,156,157,156,142,107,124,100,90,88,132,170,183,190,188,191,190,191,192,198,204,209,215,204,186,155,139,61,41,39,37
15,18,17,17,15,14,15,15,23,29,22,22,24,24,26,27,31,34,30,31,32,31,27,26,26,27,35,42,23,20,22,24,26,31,33,35,41,40,42,45,46,50,48,53,54,59,59,59,64,68,73,78,88,95,115,158,204,233,243,243,243,242,241,241,239,234,231,229,228,224,223,236,247,241,239,240,240,239,237,237,241,242,243,242,228,176,140,186,218,214,201,187,181,179,174,185,187,160,141,152,153,140,112,153,132,99,97,147,173,188,191,191,195,194,196,197,197,203,207,217,225,216,182,147,79,43,40,37
14,16,16,14,14,14,15,19,26,25,23,21,20,21,23,25,28,30,31,32,34,36,38,41,39,34,36,38,22,22,24,27,28,31,35,39,42,42,44,45,47,48,46,51,54,56,56,59,62,66,80,113,137,162,197,225,242,245,242,242,243,244,242,242,240,235,233,233,229,227,240,247,242,239,240,240,239,238,241,241,239,239,239,239,235,204,149,144,189,203,202,196,192,188,179,182,179,153,137,153,149,139,124,129,163,138,117,140,175,187,193,198,197,196,196,199,203,206,210,203,217,212,182,160,83,44,41,40
16,16,15,14,15,14,14,23,27,22,19,17,20,23,22,27,28,29,29,30,34,32,37,41,47,51,49,32,20,24,28,29,32,36,41,40,41,43,46,46,45,50,48,52,55,57,55,58,63,66,83,144,207,234,244,246,246,244,241,240,243,245,243,241,240,236,236,234,231,238,250,247,241,240,242,242,238,233,235,240,243,243,241,237,234,227,170,138,171,200,202,202,199,190,184,182,174,158,150,154,145,143,151,95,136,156,148,140,161,191,201,208,200,195,197,200,205,207,207,198,207,202,170,152,107,49,39,40
17,16,15,14,15,16,19,24,19,14,15,16,20,21,21,24,28,29,29,31,35,32,37,41,44,49,58,49,30,27,29,33,36,40,45,44,44,46,46,46,44,50,50,51,54,56,56,56,60,63,99,187,237,245,249,247,245,242,243,242,243,245,245,242,238,237,236,233,243,251,249,245,242,241,241,243,242,237,233,235,243,246,242,238,238,235,184,161,155,188,200,197,198,199,192,182,177,161,157,151,143,151,169,138,128,166,163,131,175,200,212,202,194,196,202,202,203,206,207,194,193,197,160,132,132,51,42,39
18,15,15,15,16,21,24,19,16,15,17,19,22,21,22,26,28,28,27,28,31,34,36,36,43,50,58,62,53,34,37,40,42,43,46,47,49,47,49,48,50,50,53,53,57,60,59,70,113,129,150,224,249,247,247,248,245,244,243,244,244,245,244,242,240,236,237,248,250,250,247,246,243,243,244,244,244,242,237,237,238,241,238,237,237,210,166,134,142,174,209,212,203,199,190,182,173,159,142,137,141,162,165,142,135,178,172,147,175,199,206,203,196,196,195,197,195,190,192,193,180,181,161,131,132,78,42,42
16,16,16,18,15,21,17,14,16,15,14,16,17,18,20,22,24,23,26,27,33,36,35,36,44,46,51,58,65,51,31,29,29,32,32,34,39,50,54,50,51,53,55,58,59,79,130,200,238,238,238,247,250,250,249,248,246,246,243,243,243,245,242,242,239,241,250,250,249,245,244,245,247,247,247,245,243,241,239,238,238,238,240,231,224,213,194,151,127,157,202,211,214,200,188,180,170,144,109,116,155,206,194,127,164,210,181,169,207,206,212,202,198,200,202,199,193,182,177,181,171,173,158,138,136,101,46,39
14,13,15,15,21,18,14,16,15,16,14,17,19,19,22,23,22,24,25,31,32,34,32,34,38,43,44,50,59,59,37,26,25,27,27,31,32,36,51,54,56,58,60,74,149,221,241,247,248,247,248,249,248,250,250,250,248,248,248,247,247,245,243,239,246,253,251,247,242,242,244,246,248,249,248,246,243,242,240,240,238,235,241,221,224,230,215,198,163,165,201,217,213,204,192,184,168,126,91,107,177,203,185,120,192,212,195,188,207,194,199,201,202,198,193,190,186,177,170,164,158,166,162,148,135,127,49,38
16,14,15,19,16,13,13,15,15,16,17,18,19,19,20,24,23,27,27,27,28,31,32,36,39,38,42,48,52,60,48,28,24,25,26,29,31,34,51,57,58,76,143,220,248,251,250,248,247,248,250,250,249,248,248,250,248,248,249,248,247,245,239,245,253,252,250,245,238,245,247,249,250,246,246,246,244,242,241,239,239,239,240,241,236,232,220,208,177,153,178,214,210,202,187,179,160,116,96,135,189,221,168,122,208,213,190,197,192,197,202,198,199,197,192,190,182,170,161,153,148,139,143,153,136,139,70,39
19,18,15,15,12,12,13,15,15,15,16,16,20,22,24,24,25,27,27,28,35,34,36,32,36,40,40,42,44,49,46,28,23,25,27,29,33,37,58,78,138,221,250,252,252,251,249,248,248,248,249,250,248,247,249,250,249,248,247,246,240,242,250,253,252,249,247,244,239,246,249,249,248,248,248,246,243,239,236,235,238,234,234,246,240,230,219,204,186,163,176,184,204,194,183,172,151,113,114,171,149,152,143,141,219,187,197,203,196,199,195,194,190,185,178,170,159,153,152,143,132,124,107,112,135,148,100,42
14,15,12,13,13,13,14,13,15,19,21,23,26,26,26,30,30,34,39,37,39,38,38,36,40,41,43,41,41,46,38,25,25,28,30,31,32,46,127,216,251,252,252,251,251,251,248,249,248,248,248,248,248,247,248,248,249,249,247,241,245,254,254,252,250,246,244,246,246,249,251,251,250,248,248,245,244,244,240,234,223,224,233,238,234,228,219,209,192,165,155,161,186,193,183,168,145,120,134,189,218,141,119,169,220,181,184,194,199,199,193,189,186,181,174,163,146,131,133,134,126,118,115,107,109,140,122,41
13,13,10,14,14,14,14,15,18,20,24,26,26,31,30,32,34,35,33,37,37,37,40,41,40,43,42,41,41,40,33,26,24,27,29,32,34,131,237,233,249,253,252,251,251,250,249,248,248,248,249,249,248,248,248,248,247,245,244,250,253,253,252,249,248,245,245,250,250,250,250,250,250,248,247,248,247,246,243,234,214,202,224,230,231,226,221,218,203,171,140,134,148,177,180,167,141,141,150,139,152,136,112,204,209,200,194,204,201,188,185,189,187,185,182,170,150,139,136,133,128,117,107,112,110,109,134,47
10,12,12,14,13,16,17,17,20,24,27,28,30,31,30,33,34,33,36,36,37,39,37,40,41,46,47,45,39,29,29,32,29,29,33,29,91,224,228,224,251,253,250,245,241,232,214,217,223,226,226,228,230,233,235,235,240,247,254,255,254,252,249,247,247,248,246,247,250,249,249,249,250,249,246,245,245,245,241,236,240,238,235,235,229,228,222,220,215,192,151,125,116,136,164,175,151,142,175,155,117,114,150,200,205,204,224,203,198,197,197,198,198,195,186,173,163,164,160,141,124,121,120,113,112,103,120,75
11,12,12,13,14,16,16,19,20,22,25,26,30,33,32,34,35,36,38,37,41,42,45,43,47,54,51,49,38,25,27,34,38,36,32,30,140,211,165,228,232,219,199,174,155,126,93,97,104,112,115,118,126,137,149,164,194,220,235,244,250,250,248,249,250,250,250,250,249,249,250,250,250,250,249,247,243,242,236,238,238,235,230,230,230,227,223,225,223,205,176,140,119,119,140,173,164,144,147,130,110,118,187,225,214,216,226,203,195,200,199,194,188,182,173,168,170,164,160,153,142,128,126,122,114,108,106,96
13,13,11,13,16,17,18,19,19,22,25,26,28,30,33,34,34,35,34,39,43,42,42,42,44,48,51,35,26,27,30,35,43,45,39,41,68,91,95,138,114,90,65,47,44,42,46,47,49,53,54,57,60,62,66,72,84,103,133,166,194,220,240,250,251,250,250,250,249,249,249,249,250,250,249,248,246,241,234,232,234,235,231,231,230,225,222,224,220,215,196,156,142,131,133,161,165,139,118,111,98,150,226,222,209,227,201,189,194,193,190,185,179,175,166,163,162,164,161,155,149,132,127,126,118,114,105,106
13,13,13,13,15,17,19,22,22,21,23,24,27,29,29,31,33,34,37,38,37,40,38,42,40,45,45,28,21,26,30,34,39,46,49,41,37,35,37,33,34,48,50,42,42,43,46,47,51,52,56,58,60,65,67,66,68,70,68,73,86,119,168,212,242,250,250,249,249,249,248,248,248,249,248,246,244,239,235,235,236,234,234,232,228,225,227,227,224,220,207,188,175,163,146,156,157,127,110,103,107,184,225,221,221,218,193,193,195,187,186,183,175,167,160,152,151,153,154,155,153,148,138,114,115,119,108,113
16,14,13,14,17,19,19,20,21,22,23,24,25,27,27,28,31,33,36,36,34,37,38,40,43,45,37,26,22,26,27,30,32,37,48,46,36,35,37,36,39,49,52,38,39,42,42,44,46,50,52,54,54,60,63,66,67,69,70,70,72,70,75,109,171,223,248,251,249,248,248,248,248,248,246,245,242,238,235,235,242,234,238,231,228,229,229,227,224,221,212,201,191,188,170,142,130,123,115,98,130,181,209,218,217,198,191,193,193,188,181,176,172,165,156,144,147,160,163,158,158,157,146,122,110,121,116,118
19,18,15,16,15,18,18,17,20,21,21,22,23,22,25,27,30,31,30,34,32,35,37,41,42,33,27,26,26,25,25,29,31,33,42,46,37,32,30,34,37,42,40,36,36,39,41,43,45,51,53,53,53,55,59,63,67,74,69,69,69,70,68,67,85,134,199,244,251,249,248,247,247,247,245,244,242,238,233,231,241,234,236,231,232,231,228,224,221,222,212,203,186,168,167,143,119,124,111,105,160,192,199,221,214,190,189,189,185,185,183,176,174,160,149,138,137,156,171,163,160,157,148,133,118,109,125,122
17,21,19,16,15,16,17,16,16,17,18,20,19,20,22,25,26,29,28,34,35,38,33,35,33,23,20,26,30,25,27,31,32,32,37,41,31,22,23,27,28,31,28,35,35,38,42,44,43,47,52,51,51,52,56,63,71,87,76,69,65,66,67,68,68,72,108,183,240,249,246,246,246,246,246,244,241,237,231,233,241,229,232,231,231,232,229,228,226,218,210,213,202,179,166,137,110,113,105,137,196,200,197,231,212,183,185,182,179,176,174,171,189,176,145,138,137,146,151,152,156,160,147,131,118,122,111,134
15,18,22,15,14,15,16,17,15,16,16,18,18,19,20,22,25,27,29,30,32,31,29,31,30,22,20,25,30,29,30,33,33,33,36,40,35,25,22,24,25,28,28,33,36,37,41,45,45,46,48,51,52,53,53,58,68,75,75,66,69,66,65,65,65,67,71,102,184,241,244,244,243,242,243,241,238,234,231,234,240,230,235,234,229,229,232,230,218,215,215,217,210,192,181,155,123,106,111,168,207,199,202,216,210,184,187,177,170,167,183,189,203,196,145,132,132,141,150,151,155,156,150,136,121,123,107,132
17,19,22,17,13,15,13,16,16,14,16,16,18,20,24,25,24,22,22,23,25,26,28,28,23,20,21,24,28,31,32,33,34,36,37,36,35,31,24,24,24,25,28,32,34,37,40,43,44,45,46,51,54,54,52,54,57,56,61,62,75,65,64,62,64,64,68,74,114,192,237,241,242,241,242,240,235,231,230,236,239,232,235,237,232,230,229,227,217,222,222,219,230,207,168,150,132,122,139,201,210,195,200,206,217,193,183,174,172,171,188,186,182,178,152,139,130,132,141,150,158,159,150,139,132,121,115,126
14,21,20,17,15,16,15,16,16,15,17,20,20,21,23,23,22,23,25,28,27,23,18,18,19,23,23,26,29,33,36,36,35,38,40,33,31,34,37,31,25,25,28,30,34,36,39,41,40,46,46,47,49,51,50,48,51,54,56,60,65,60,59,62,63,64,64,68,78,133,218,242,242,241,241,240,235,230,232,240,230,230,233,242,240,231,226,232,224,229,230,246,245,192,148,124,120,164,191,212,225,222,204,209,196,199,170,171,169,164,173,184,161,161,159,154,144,139,139,143,148,151,145,129,129,128,128,122
16,16,19,16,16,15,15,14,16,17,18,23,22,20,22,21,23,26,27,22,19,17,15,16,21,22,23,27,33,33,36,38,36,37,36,29,30,35,44,40,26,26,26,29,32,33,36,41,42,42,42,44,44,47,49,48,51,55,56,58,58,57,59,61,63,64,63,67,73,108,192,242,241,240,241,240,237,235,238,238,222,227,234,245,241,233,233,230,228,233,239,214,169,163,171,143,142,193,216,225,239,238,218,196,196,189,166,163,163,159,158,172,154,149,150,147,150,153,153,150,144,140,136,121,110,137,121,131
18,17,18,14,16,18,17,17,18,18,19,20,22,23,22,22,20,17,16,16,14,17,16,19,22,20,21,24,30,32,34,36,38,37,31,25,30,35,46,46,27,27,27,30,32,32,33,35,40,44,48,48,51,52,52,51,50,52,51,53,52,55,53,55,59,59,62,67,81,111,188,241,241,239,238,236,235,237,241,231,220,225,235,236,230,226,225,223,212,175,159,145,134,151,165,158,157,190,227,229,231,232,232,219,215,186,179,168,170,158,162,172,141,134,128,133,142,155,160,160,153,137,140,122,107,138,133,139
21,18,16,16,17,16,17,16,18,18,20,22,20,18,15,14,13,13,15,14,15,19,21,21,23,26,25,29,31,30,33,32,36,38,30,25,31,35,43,43,25,27,26,28,27,32,41,44,47,47,48,47,48,47,47,48,47,47,52,52,54,60,57,57,59,60,61,73,121,152,191,238,238,236,231,232,235,236,233,224,222,226,228,217,218,206,214,207,167,137,137,136,133,143,140,160,177,178,214,221,203,194,197,220,220,223,193,173,159,149,145,140,131,124,125,124,124,139,152,164,169,151,171,157,134,120,157,132
18,18,17,17,14,16,14,18,19,20,17,16,13,13,14,12,15,14,17,16,18,19,21,21,23,25,26,29,33,32,29,31,36,33,26,24,28,33,44,37,25,26,27,34,37,45,43,41,42,41,41,43,44,45,45,45,47,50,53,55,57,57,57,58,60,61,62,67,103,184,227,235,237,235,229,230,234,235,224,221,227,225,212,210,210,194,200,179,152,145,140,128,108,121,139,172,202,205,168,177,195,190,183,193,203,200,193,180,138,137,130,125,120,118,114,113,111,115,128,140,154,162,183,177,158,144,150,150
25,14,15,16,15,16,17,18,18,14,12,13,13,14,16,15,15,14,16,18,17,20,21,22,22,24,26,28,27,30,32,32,30,25,22,24,28,31,39,32,25,29,35,34,36,35,33,36,37,39,39,43,44,47,48,50,57,56,56,58,58,57,59,61,61,62,61,65,97,193,237,233,233,230,227,229,232,227,223,226,217,217,211,208,196,188,170,149,142,146,140,127,124,138,137,153,204,227,191,162,169,177,174,185,201,181,211,173,183,136,125,111,110,110,111,107,106,105,116,130,140,158,171,198,170,162,168,161
21,16,15,15,17,18,16,14,15,15,15,14,13,15,16,17,18,16,19,20,22,21,22,19,28,26,27,26,27,28,32,31,23,20,21,23,32,34,29,24,24,26,29,31,33,36,36,40,43,44,47,49,49,49,49,51,54,56,56,59,61,60,66,66,64,62,59,72,138,216,232,229,224,223,226,228,232,221,219,221,214,211,203,191,183,171,146,129,135,150,139,128,122,154,172,199,225,229,215,210,191,204,189,171,171,149,191,186,177,122,125,107,100,103,111,108,106,126,150,159,167,159,147,184,175,151,162,178
19,16,16,17,17,16,15,18,15,14,14,13,16,16,16,16,16,18,17,18,20,19,22,23,24,27,25,26,29,32,30,24,17,18,23,28,33,29,24,24,24,24,30,30,36,40,40,42,40,41,43,45,44,45,43,42,48,48,50,52,54,58,61,65,66,69,67,89,173,224,228,224,219,221,224,228,229,217,210,208,202,195,181,170,171,144,123,124,131,123,114,114,139,161,166,175,213,229,221,209,182,184,188,185,153,121,120,161,193,164,112,112,104,97,100,102,111,150,181,179,173,163,150,150,192,186,173,176
15,17,18,15,17,18,21,23,26,26,22,17,15,16,16,18,19,19,19,21,18,21,26,24,27,25,25,28,28,27,23,18,17,20,26,31,30,21,23,24,24,25,30,32,35,34,38,37,36,37,40,42,42,41,43,42,42,45,49,48,53,54,58,57,65,66,70,91,163,214,218,218,220,223,223,222,218,210,205,196,181,166,157,156,131,118,114,126,120,117,95,102,130,163,156,175,191,197,192,178,151,159,158,132,121,112,117,145,127,153,182,169,144,159,144,106,140,172,166,160,165,162,169,131,166,181,169,155
16,16,16,16,17,18,18,19,22,31,36,29,21,16,16,17,19,21,21,21,21,19,23,23,27,25,27,26,24,17,18,17,19,25,28,26,21,22,23,21,26,26,28,33,32,30,33,32,35,37,37,37,38,38,39,39,40,40,44,49,52,55,57,55,60,61,62,74,94,143,191,214,218,215,210,207,204,192,187,175,163,150,147,123,112,108,133,132,109,100,108,125,135,155,174,175,170,164,170,150,141,138,130,128,114,116,104,111,133,121,113,134,157,154,166,157,179,170,151,124,137,158,134,122,127,171,168,143
17,18,17,19,19,18,20,19,22,24,31,34,26,17,18,19,19,21,21,22,22,22,21,22,24,22,24,20,19,16,17,21,24,24,28,29,26,24,21,24,24,23,30,29,32,32,33,32,33,34,35,36,36,39,39,41,40,39,43,49,48,53,57,56,55,57,61,61,66,71,105,158,197,202,192,187,178,171,165,157,146,134,125,124,133,130,140,115,97,111,133,136,150,141,157,160,168,165,151,127,118,139,135,118,114,109,118,125,94,95,100,135,132,129,158,178,166,147,145,138,121,112,100,120,132,123,168,151
17,19,17,20,19,19,20,19,20,21,23,29,28,20,18,19,17,22,20,20,23,21,23,22,24,19,17,16,16,20,22,23,21,20,20,20,20,23,22,21,22,25,27,28,28,30,31,32,34,35,36,37,38,36,37,39,42,42,43,48,48,49,52,53,51,53,59,56,59,60,63,86,145,182,170,160,155,147,142,132,120,113,122,126,132,122,107,91,88,115,121,136,140,129,132,146,177,185,142,116,113,130,145,113,108,103,105,123,124,102,107,140,141,137,132,132,114,114,133,152,142,123,119,142,152,86,149,164
15,17,18,20,22,20,21,21,22,20,22,26,22,19,19,20,19,20,19,20,21,22,24,24,23,19,18,18,21,21,17,16,17,18,18,20,18,18,18,19,22,23,27,26,29,26,29,30,33,34,34,35,36,39,39,37,43,47,42,41,46,48,46,50,58,54,55,58,55,56,62,80,129,163,142,128,128,126,124,118,98,99,108,110,96,97,72,60,76,95,116,120,101,114,128,144,145,144,128,116,112,129,125,116,111,107,98,124,145,167,155,166,160,141,122,101,93,107,125,134,141,118,129,127,135,87,129,168
18,19,20,22,21,22,22,23,24,24,26,25,19,16,17,18,19,18,20,21,20,19,23,24,24,25,24,26,26,22,20,18,16,17,18,19,19,19,19,21,24,26,26,26,26,28,29,31,33,33,32,33,36,40,41,41,41,42,43,43,43,48,44,44,50,57,63,61,60,76,106,134,138,127,119,117,115,118,107,98,90,87,90,82,80,69,52,58,69,82,105,121,105,106,124,156,164,152,127,107,123,152,135,116,109,102,110,130,173,179,182,181,169,121,104,95,101,119,135,91,90,95,110,114,153,114,147,164
18,20,20,22,21,25,24,25,27,26,25,23,17,16,16,18,20,23,20,19,21,21,20,20,19,24,25,23,26,31,31,26,22,19,18,17,19,19,20,23,23,26,28,27,25,27,30,32,33,30,33,34,36,39,40,41,40,42,46,45,45,46,48,48,50,51,55,67,78,117,140,130,113,116,117,113,113,102,88,82,78,78,76,69,54,48,55,60,58,73,97,115,118,119,129,150,157,147,125,109,146,152,129,117,96,106,122,134,147,174,158,178,147,125,96,92,96,116,119,84,73,77,73,73,129,159,173,170
17,19,22,22,23,25,26,26,28,30,24,19,16,16,19,18,20,21,19,19,21,21,21,20,22,20,21,22,23,26,30,33,31,25,20,19,20,21,22,23,26,27,26,27,26,26,31,31,28,30,33,34,35,36,38,40,38,40,43,43,42,44,46,47,51,53,56,66,86,103,114,110,115,116,110,104,95,80,72,78,81,82,62,49,41,51,50,57,63,67,81,104,110,105,105,111,142,148,114,108,137,138,139,109,101,100,114,120,139,153,131,140,136,143,113,90,110,121,83,65,71,82,72,70,90,151,169,171
19,22,23,24,24,27,29,31,33,33,23,17,17,16,17,18,19,20,20,20,22,22,21,21,21,21,22,23,22,21,24,30,35,33,25,20,21,22,23,23,25,27,26,24,27,26,28,28,28,30,29,31,32,31,33,36,38,36,38,40,40,41,45,44,48,50,55,67,86,85,91,104,109,105,100,87,74,86,103,115,124,113,66,41,43,45,47,49,70,82,80,92,110,112,98,88,105,142,114,118,135,133,138,125,112,101,113,115,158,139,141,134,137,143,142,106,110,103,74,71,78,83,72,72,68,135,162,147
20,25,26,28,29,31,31,34,34,32,25,18,18,17,16,20,21,20,19,21,22,20,19,19,20,21,21,22,20,21,23,24,29,35,33,27,22,22,25,24,23,24,24,24,26,26,30,26,25,26,30,31,35,36,37,40,42,40,42,44,44,43,46,45,46,45,49,57,63,70,76,85,87,86,90,99,121,156,180,171,147,116,64,35,43,43,44,44,46,68,88,89,104,113,105,87,92,131,105,117,127,125,129,146,128,112,118,107,126,151,145,155,153,130,140,136,122,87,81,87,83,74,65,61,73,108,161,105
24,26,29,31,32,31,32,33,32,28,22,18,17,18,19,21,21,20,20,21,22,20,21,21,21,20,20,19,19,20,23,24,24,30,31,29,21,22,22,23,23,23,23,23,24,27,28,26,30,31,38,41,43,44,44,43,43,42,41,42,41,42,42,40,42,47,47,47,48,50,53,59,63,74,111,159,186,189,182,165,143,112,60,38,46,47,44,44,44,43,60,77,87,102,105,103,100,124,117,135,132,137,148,135,114,115,100,97,103,146,159,154,137,120,120,126,116,85,79,79,76,72,69,75,71,105,156,100
25,25,30,31,29,27,29,32,28,21,19,19,17,17,20,19,19,19,19,22,23,22,25,24,23,22,22,20,20,20,20,23,24,26,29,24,20,21,21,22,21,22,21,21,24,28,30,32,36,37,39,38,36,37,36,36,36,39,40,41,40,44,43,45,46,49,52,51,52,51,52,52,61,95,152,182,183,180,180,162,142,110,61,39,48,48,48,49,49,50,50,60,76,107,129,118,103,111,127,134,128,137,128,107,87,95,101,94,101,124,150,147,122,115,103,100,112,118,93,66,68,80,79,90,74,120,166,92
25,26,28,26,27,28,30,28,22,18,18,18,19,19,19,19,19,20,21,22,24,24,26,28,28,25,22,21,23,21,20,23,23,26,31,23,20,21,19,21,22,21,22,24,29,30,31,33,33,31,32,33,36,36,35,39,41,43,46,45,46,46,50,47,50,49,50,51,51,51,53,51,65,113,161,178,177,175,175,162,141,111,66,40,44,48,51,51,52,60,57,58,67,100,132,122,116,106,110,127,134,125,93,91,97,81,94,95,95,96,111,127,118,92,88,91,109,138,115,89,93,101,88,80,112,155,161,79
23,27,28,25,29,29,26,22,19,19,20,19,20,21,20,23,22,21,21,23,21,22,26,29,32,29,23,23,23,20,21,23,23,25,27,22,20,21,21,20,23,21,22,25,29,30,30,31,32,32,34,36,37,37,35,37,38,39,42,43,45,42,45,49,49,53,54,53,50,51,48,49,74,121,155,170,173,169,168,158,140,113,68,43,44,45,47,51,57,65,59,58,67,83,118,130,124,111,108,117,131,125,94,74,88,109,102,100,85,80,80,93,105,96,87,93,99,120,120,96,91,95,93,100,127,150,135,72
24,26,27,29,28,24,21,18,19,20,19,19,19,20,22,23,24,20,23,24,21,21,24,28,31,33,28,25,22,22,23,24,26,29,33,25,27,26,21,20,21,25,25,26,28,30,31,31,31,32,34,34,34,33,32,34,34,34,36,37,36,37,38,41,44,48,50,53,54,51,49,53,82,124,152,165,169,168,166,155,142,117,69,40,44,41,45,51,59,65,62,61,73,86,103,128,125,108,122,129,124,122,128,87,75,95,106,93,83,86,84,85,103,111,92,93,88,93,112,100,77,81,77,87,136,148,90,71
24,25,28,29,23,19,19,17,18,19,18,17,19,20,22,23,22,24,25,25,24,22,26,25,27,33,33,27,25,23,25,27,27,30,34,28,28,25,22,23,22,25,25,24,26,26,29,28,28,29,29,27,31,32,31,32,32,32,33,35,36,35,36,37,41,42,42,47,47,50,54,59,83,118,142,156,162,162,162,150,138,116,69,39,39,40,45,47,59,67,68,65,85,113,112,127,129,107,109,120,115,127,132,100,85,73,101,96,82,84,89,90,99,119,96,84,83,80,90,95,80,77,70,75,136,146,71,60
23,25,24,20,19,17,18,19,19,18,19,19,20,21,22,21,23,23,25,26,24,25,24,25,28,33,36,33,30,29,29,28,29,30,32,29,28,22,21,24,25,22,25,24,26,23,27,27,28,28,27,29,30,28,29,31,32,33,31,33,34,34,35,36,37,38,38,41,43,44,51,59,70,94,122,143,150,151,152,143,133,112,65,39,33,36,46,51,56,75,85,78,84,114,126,122,125,112,107,113,103,126,132,115,91,83,87,103,94,87,81,86,77,96,105,80,80,74,79,81,97,100,88,82,130,121,70,74
22,22,18,18,18,18,19,18,17,18,19,18,20,22,22,22,22,24,23,27,24,26,24,25,27,31,38,36,37,37,32,29,25,29,31,29,25,26,26,22,23,23,23,26,24,24,26,27,27,26,25,29,28,27,28,30,29,30,29,30,30,32,34,34,37,35,36,39,38,39,43,48,57,66,96,129,139,140,139,133,125,108,66,35,33,34,40,44,57,68,88,93,88,103,118,105,112,107,104,112,105,108,134,120,110,108,99,122,85,79,77,86,87,110,88,79,74,68,75,71,94,92,122,104,129,94,65,62
19,18,19,18,16,18,19,19,18,17,18,20,21,21,24,23,24,23,25,27,26,27,26,26,26,32,36,38,37,37,33,29,24,25,27,24,22,22,24,22,22,23,22,24,22,24,22,25,25,26,27,27,26,28,28,28,30,28,30,31,29,33,33,33,34,34,34,36,34,37,39,40,45,53,70,105,127,128,127,122,114,100,65,38,34,32,32,43,45,57,84,93,92,97,104,97,103,102,99,109,108,96,114,120,127,108,94,112,90,82,79,87,89,108,69,75,71,65,68,73,91,70,92,123,142,70,56,53
17,20,18,17,17,17,16,18,19,21,20,20,21,22,23,23,23,24,29,30,24,25,26,25,28,29,30,34,36,35,34,27,24,25,25,29,28,23,26,22,21,24,24,23,26,25,25,23,24,27,27,25,27,27,27,29,29,29,30,30,30,32,31,30,32,33,33,33,34,38,36,37,40,45,52,78,108,114,116,111,103,91,62,36,32,33,32,34,44,44,58,83,82,81,91,85,88,94,100,112,115,99,94,122,116,116,111,113,124,105,90,84,86,100,80,77,72,65,64,96,93,60,105,139,125,56,50,56
17,18,19,19,18,17,20,17,19,22,21,22,22,24,25,23,27,30,35,31,27,28,28,29,28,29,30,35,33,34,33,26,23,27,30,32,27,20,21,21,19,23,24,25,21,25,24,24,24,24,26,26,28,27,27,28,29,28,28,28,31,29,31,31,32,31,32,34,34,35,37,36,37,41,49,62,87,103,105,101,96,84,58,35,36,35,30,34,39,44,41,54,83,86,81,86,91,92,101,102,96,99,88,92,123,114,139,127,139,134,128,104,88,101,106,94,75,77,92,92,73,91,126,118,83,51,48,48
18,20,18,19,18,17,20,19,20,19,19,21,22,25,27,26,28,29,29,31,33,31,34,30,28,26,25,30,36,31,30,30,27,24,25,29,28,23,21,22,22,23,23,25,24,25,23,23,24,24,26,26,25,26,26,26,26,28,29,27,28,28,31,29,30,27,33,33,35,36,34,38,37,37,45,55,76,88,89,87,83,73,52,37,32,30,30,31,33,35,40,40,52,82,99,111,107,92,105,102,92,92,94,80,98,120,125,124,139,151,122,128,130,143,119,119,119,111,101,102,105,114,100,77,62,49,43,42
